Block,Values
1,0.09885489069659495
2,0.09769370971484805
3,0.10450520038478317
4,0.10179593624048404
5,0.10061769514481302
6,0.10210297666275704
7,0.11672030327306902
8,0.10310893144342521
9,0.10452757462417102
10,0.10385633745214894
11,0.1086842177977795
12,0.0941205281271544
13,0.0994834829076031
14,0.10787302072695006
15,0.09045419991558747
16,0.09597258366012132
17,0.10571259435619375
18,0.10316154829795894
19,0.0954451239054402
20,0.10715172523931993
