Block,Values
1,0.11262217126897744
2,0.11150933929600314
3,0.10218201567822872
4,0.09884165992442426
5,0.11528102694598137
6,0.10314951578905232
7,0.1080053192019338
8,0.10579462898046296
9,0.1070269478922744
10,0.10499999965437175
11,0.10638580532081159
12,0.09934065128170336
13,0.10527162210101383
14,0.10606575499194959
15,0.10868789945959344
16,0.10993325928838331
17,0.10557416547368109
18,0.10862359264010574
19,0.10649026524881818
20,0.11316451276141479
