Block,Values
1,0.10442750465262188
2,0.1038453630709325
3,0.1072840230310726
4,0.1050322298901154
5,0.10373272284815485
6,0.10530916061993693
7,0.10578443832954808
8,0.10237618527869792
9,0.10306724442821959
10,0.10186302558886982
11,0.10561022973407673
12,0.10545880007691728
13,0.10308345072728677
14,0.09939967586620135
15,0.10446209993930747
16,0.10564535121026594
17,0.10270494270948456
18,0.10466606445064315
19,0.10135882776524086
20,0.10108150392817214
