Block,Values
1,0.10993065450476332
2,0.10532146628672294
3,0.10383979868203501
4,0.10916103534296442
5,0.10709705474767553
6,0.1151862216855363
7,0.11345510429046048
8,0.10608550788423736
9,0.1049983674899521
10,0.10886195708686493
11,0.10486047026278193
12,0.11574857423665315
13,0.10884278445416559
14,0.11136125166701699
15,0.10706706599463159
16,0.1057116223828513
17,0.11165963549937895
18,0.10548586216132026
19,0.11328157573303063
20,0.111592131425203
