Block,Values
1,0.47782290098144053
2,0.4546657438001769
3,0.47331201253294
4,0.5264519605333196
5,0.46286008883423047
6,0.4487967850985634
7,0.45344886957811475
8,0.4411464239268744
9,0.427487949343227
10,0.4156734542720329
